{"cameraMode":{"drawMode":0,"name":"Shaded","section":"Shading Mode"},"sceneLighting":true,"audioPlay":false,"sceneViewState":{"showFog":true,"showMaterialUpdate":true,"showSkybox":false,"showFlares":true,"showImageEffects":true,"showParticleSystems":true},"in2DMode":false,"pivot":{"x":12.15999984741211,"y":1.5900001525878907,"z":-0.6800000667572022},"rotation":{"x":-0.008347081020474434,"y":0.9908730983734131,"z":-0.07327700406312943,"w":-0.11370451003313065},"size":1.7320507764816285,"orthographic":false}