{"cameraMode":{"drawMode":0,"name":"Shaded","section":"Shading Mode"},"sceneLighting":true,"audioPlay":false,"sceneViewState":{"showFog":true,"showMaterialUpdate":true,"showSkybox":false,"showFlares":true,"showImageEffects":true,"showParticleSystems":true},"in2DMode":false,"pivot":{"x":2.690000057220459,"y":1.9390000104904175,"z":-6.380000114440918},"rotation":{"x":-0.008347081020474434,"y":0.9908730983734131,"z":-0.07327700406312943,"w":-0.11370451003313065},"size":2.2808990478515627,"orthographic":false}