{"cameraMode":{"drawMode":0,"name":"Shaded","section":"Shading Mode"},"sceneLighting":true,"audioPlay":false,"sceneViewState":{"showFog":true,"showMaterialUpdate":true,"showSkybox":false,"showFlares":true,"showImageEffects":true,"showParticleSystems":true},"in2DMode":false,"pivot":{"x":-2.252664566040039,"y":2.4252443313598635,"z":-13.130000114440918},"rotation":{"x":-0.008347081020474434,"y":0.9908730983734131,"z":-0.07327700406312943,"w":-0.11370451003313065},"size":2.3371031284332277,"orthographic":false}