{"cameraMode":{"drawMode":0,"name":"Shaded","section":"Shading Mode"},"sceneLighting":true,"audioPlay":false,"sceneViewState":{"showFog":true,"showMaterialUpdate":true,"showSkybox":true,"showFlares":true,"showImageEffects":true,"showParticleSystems":true},"in2DMode":false,"pivot":{"x":18.317548751831056,"y":-119.88431549072266,"z":-527.0209350585938},"rotation":{"x":-0.0019086746033281088,"y":-0.9933758974075317,"z":0.11373843997716904,"w":-0.016677841544151307},"size":278.5674133300781,"orthographic":false}