{"cameraMode":{"drawMode":0,"name":"Shaded","section":"Shading Mode"},"sceneLighting":true,"audioPlay":false,"sceneViewState":{"showFog":true,"showMaterialUpdate":true,"showSkybox":false,"showFlares":true,"showImageEffects":true,"showParticleSystems":true},"in2DMode":false,"pivot":{"x":-11.241998672485352,"y":2.387392520904541,"z":1.8899998664855958},"rotation":{"x":-0.008347081020474434,"y":0.9908730983734131,"z":-0.07327700406312943,"w":-0.11370451003313065},"size":4.503331661224365,"orthographic":false}