{"cameraMode":{"drawMode":0,"name":"Shaded","section":"Shading Mode"},"sceneLighting":true,"audioPlay":false,"sceneViewState":{"showFog":true,"showMaterialUpdate":true,"showSkybox":false,"showFlares":true,"showImageEffects":true,"showParticleSystems":true},"in2DMode":false,"pivot":{"x":11.015686988830567,"y":1.569000005722046,"z":-10.720000267028809},"rotation":{"x":-0.008347081020474434,"y":0.9908730983734131,"z":-0.07327700406312943,"w":-0.11370451003313065},"size":1.7320507764816285,"orthographic":false}