{"cameraMode":{"drawMode":0,"name":"Shaded","section":"Shading Mode"},"sceneLighting":false,"audioPlay":false,"sceneViewState":{"showFog":true,"showMaterialUpdate":true,"showSkybox":false,"showFlares":true,"showImageEffects":true,"showParticleSystems":true},"in2DMode":false,"pivot":{"x":10.626707077026368,"y":-0.9222385883331299,"z":21.595970153808595},"rotation":{"x":-0.11052841693162918,"y":0.09945300221443176,"z":-0.011188252829015255,"w":-0.9889310002326965},"size":13.394231796264649,"orthographic":false}